{
  "guineaCanary": [
    [-14.28222, 9.4057],
    [-16.3916, 9.4924],
    [-18.2373, 10.53102],
    [-19.46777, 12.46876],
    [-20.21484, 14.90232],
    [-20.2478, 16.46769],
    [-20.25329, 18.1876],
    [-20.18737, 19.94236],
    [-20.0885, 21.60636],
    [-19.80285, 22.9685],
    [-19.22607, 24.60706],
    [-18.80859, 25.64152],
    [-17.49023, 27.32297]
  ],
  "transSaharan": [
    [-12.60955, 13.81674],
    [-9.88769, 13.77673],
    [-6.45996, 14.00869],
    [-3.95507, 14.60484],
    [-1.51062, 15.32259],
    [0.83496, 15.8768],
    [3.82873, 15.97189],
    [6.32812, 16.00357],
    [8.48144, 16.50983],
    [10.54687, 17.89511],
    [11.6455, 19.60119],
    [12.17285, 21.33031],
    [12.54089, 23.26658],
    [13.0957, 25.95804],
    [13.66699, 29.11377],
    [13.40332, 32.24997]
  ],
  "senegalCanary": [
    [-17.7539, 14.85985],
    [-19.07226, 16.17247]
  ],
  "mauritaniaCanary": [
    [-16.57836, 18.15107],
    [-18.10546, 19.51837],
    [-19.07226, 21.00247]
  ]
}
